{"cameraMode":{"drawMode":0,"name":"Shaded","section":"Shading Mode"},"sceneLighting":false,"audioPlay":false,"sceneViewState":{"m_AlwaysRefresh":false,"showFog":true,"showSkybox":true,"showFlares":true,"showImageEffects":true,"showParticleSystems":true,"showVisualEffectGraphs":true,"m_FxEnabled":true},"in2DMode":false,"pivot":{"x":-0.2585640847682953,"y":-20.081268310546876,"z":-3.159363269805908},"rotation":{"x":-0.01415916159749031,"y":-0.8076207637786865,"z":0.5892302989959717,"w":-0.019406845793128015},"size":13.693063735961914,"orthographic":false}