{"cameraMode":{"drawMode":0,"name":"Shaded","section":"Shading Mode"},"sceneLighting":false,"audioPlay":false,"sceneViewState":{"m_AlwaysRefresh":false,"showFog":true,"showSkybox":true,"showFlares":true,"showImageEffects":true,"showParticleSystems":true,"showVisualEffectGraphs":true,"m_FxEnabled":true},"in2DMode":false,"pivot":{"x":13.65452766418457,"y":-12.017504692077637,"z":13.256216049194336},"rotation":{"x":0.3095203936100006,"y":0.05895145982503891,"z":-0.01922382414340973,"w":0.9488921165466309},"size":13.693063735961914,"orthographic":false}