{"cameraMode":{"drawMode":0,"name":"Shaded","section":"Shading Mode"},"sceneLighting":false,"audioPlay":false,"sceneViewState":{"m_AlwaysRefresh":false,"showFog":true,"showSkybox":true,"showFlares":true,"showImageEffects":true,"showParticleSystems":true,"showVisualEffectGraphs":true,"m_FxEnabled":true},"in2DMode":false,"pivot":{"x":11.152591705322266,"y":-3.9410953521728517,"z":2.972520112991333},"rotation":{"x":0.48644059896469118,"y":-0.11936382949352265,"z":0.06729249656200409,"w":0.8629274368286133},"size":13.693063735961914,"orthographic":false}